"Business Name","LinkedIn Link","Company Website","Company Size","Industry","Headquarters","Founded","Specialties","Location Match"
"B-Lynk, Inc","https://www.linkedin.com/company/b-lynk-inc/","https://b-lynk.com/","22 associated members","E-Learning Providers","Tampa, Florida","2010","VoIP, Technology, Telecom, Cisco, Cisco Training, Webex Calling, MS Teams Training, Product Adoption, how-to videos, digital content, UC training, CCaas Training, Managed Solutions, SaaS training, eLearning, Sales Enablement, and User Guides","Location matched"
"Trifoia","https://www.linkedin.com/company/trifoia/","https://www.trifoia.com","22 associated members","E-Learning Providers","Eugene, Oregon","1999","Education Technology, Video Production, Research, Instructional Design, Behavior Science, Software Development, Graphic Design, Audio Engineering, and UI / UX","Location matched"
"ADD Coach Academy","https://www.linkedin.com/company/add-adhd-coach-academy/","https://static.licdn.com/aero-v1/sc/h/akt4ae504epesldzj74dzred8","11-50 employees","Business Consulting and Services","Albany, New York","Not found","Not found","Location matched"
"Essential Education","https://www.linkedin.com/company/essential-education-group/","https://essentialeducationgroup.com","2 associated members","Professional Training and Coaching","Birmingham, West Midlands","2018","Special Education, Training and consultancy, Autism, Bespoke Services, Therapeutic services, blogging, On-line training, and In person services","Location matched"
"CIAO Seminars","https://www.linkedin.com/company/ciao-seminars/","http://www.ciaoseminars.com","14 associated members","Website","Gulf Breeze, Florida","1999","Dysphagia Treatment courses, VitalStim Certification, Dementia Treatment courses, Feeding Therapy courses, Myofascial Release courses, Kinesiology Taping for Dysphagia, Swallowing Disorders , CEU Management, Dysphagia, SLP, OT, PT, Continuing Education, Online Education, ASHA, NMES for Dysphagia, Pediatric, Pediatric Feeding, Live Stream CEUs, and CEU Accreditation Support","Location matched"
"Restoration Technical Institute","https://www.linkedin.com/company/restoration-technical-institute/","http://www.rtilearning.com","11 associated members","Non-profit Organization Management","Reading, PA","2012","IICRC Training, Restoration Training, Insurance Training, Water, Fire, Mold Restoration Training, eLearning, Cleaning Training, and Learning Management","Location matched"
"OpenLiteracy","https://www.linkedin.com/company/openliteracy/","http://openliteracy.com","31 associated members","Higher Education","Not found","2013","Literacy, tutor training, phonics, science of reading, tutoring, and summer learning","Location matched"
"Berkeley Coding Academy","https://www.linkedin.com/company/medical-coding-academy/","https://www.medicalcodingacademy.org/","23 associated members","Hospitals and Health Care","Dallas, TX","2014","Medical Coding, 3 Day Certificate & Exam Prep Courses, Training, AAPC Education Provider, and AHIMA Education Provider","Location matched"
"E-Learning Solved","https://www.linkedin.com/company/e-learning-solved/","http://www.elearningsolved.com","2 associated members","E-Learning Providers","Sharon, Massachusetts","2018","E-Learning, Instructional Design, Marketing, Online Learning, Course Design, Consulting, Special Education, Entrepreneur, EdTech, Training Development, Learning Engagement, Individualized Instruction, Startup, Coaching, Guidance, Mobile Learning, Innovative, Funnel Creation, Content Island Creation, and Branding","Location matched"
"Intellezy","https://www.linkedin.com/company/10893609/","https://www.intellezy.com","43 associated members","Not found","Woburn, Massachusetts","2016","eLearning, Custom Video Creation, Quick Reference Cards, Custom eLearning, online education, microsoft, Excel, PowerPoint, Word, OneDrive, Oracle, Azure, BusinessSkills, career change, Office 365, video learning, education, microlearning, change management, training, teams, online video training, microsoft teams, change management consulting, Customized Training, Microsoft Adoption and Change Management Partner, Learning and Development, Instructional Design, Google Workspace Training, Power BI Training, Adobe Training, SAP Training, Blended Learning, and Custom Content, Development and Design","Location matched"
"911 e-Learning Solutions","https://www.linkedin.com/company/911-e-learning-solutions-llc/","http://www.911elearning.com/shop","5 associated members","E-Learning Providers","Piedmont Triad Area, North Carolina","2011","Continuing Education, Distance Learning, and EMS Education","Location matched"
"Learning Designs","https://www.linkedin.com/company/learning-designs/","http://www.learningdesigns.com","24 associated members","E-Learning Providers","Bloomfield Hills, MI - Michigan","1984","Custom Training, E-Learning, Blended Learning, Classroom Training, Task Analysis, Survey Development, Competency Mapping, Gap Analysis, Learning Management Systems, Training Evaluation, Course Development, and Instructional Design","Location matched"
"NetworkChuck","https://www.linkedin.com/company/networkchuck/","https://networkchuck.com","8 associated members","E-Learning Providers","Not found","2014","Not found","Location matched"
"Uxcel","https://www.linkedin.com/company/51711681/","https://www.uxcel.com/","40 associated members","E-Learning Providers","Port St Lucie, Florida","2020","UX Design, Online Education, UX/UI Design, Interactive courses, Skill assessment, Design projects, Design community, Design courses, Learning companion, Visual Design, Interactive Design, UX Writing, UX Research, and UI Design","Location matched"
"Reading Horizons","https://www.linkedin.com/company/3135130/","https://tieronecareers.com/","2 associated members","IT Services and IT Consulting","Wilkes-Barre, PA","1982","IT Training, Medical Billing and Coding Training, Microsoft Office Training, Microsoft Training, CompTIA Training, Cisco Training, VMWare Training, and Graphics Training","Location matched"
"LanguageBird","https://www.linkedin.com/company/languagebird/","http://www.languagebird.com","82 associated members","E-Learning Providers","Los Angeles, CA","2015","Private foreign language Lessons Online, French, Italian, High School Online Courses, Accredited high school courses online, German, Mandarin, Hebrew, Japanese, American Sign Language, online learning, project-based learning, and Spanish","Location matched"
"Veritas Press","https://www.linkedin.com/company/veritas-press-inc/","https://www.VeritasPress.com","101 associated members","Education Administration Programs","Lancaster, PA","1996","Classical Christian Curriculum for Homeschoolers, Classical Christian Curriculum for Schools, Accredited online diploma, Online K-12 Classes, K-12 Education, School Curriculum, Homeschool Curriculum, Online School, and Education","Location matched"
"IvyWise","https://www.linkedin.com/company/ivywise/","http://www.ivywise.com/","60 associated members","Higher Education","New York, NY","1998","Educational Counseling, Academic Tutoring, College Counseling, Standardized Test Tutoring, Pre-K and K-12 Counseling, Graduate School Counseling, Research, and Academic Advising","Location matched"
"InSync Training","https://www.linkedin.com/company/insync-training/about","http://www.insynctraining.com","65 associated members","2024 Learning Services Companies Watch List (2nd Year)","Portsmouth, NH","2000","virtual training, virtual facilitation, virtual production, virtual classroom design, corporate training, digital classroom, Zoom, MS Teams, Webex, Adobe Connect, Hybrid Learning, InQuire Engagement Framework, remote learning, elearning, online learning, remote training, Blended Learning, Virtual Training Solutions, Hybrid Learning, Synchronous Learning, Virtual Classroom, Live Online Learning, and Outsourced Training","Location matched"
"Legendary Marketer","https://www.linkedin.com/company/legendarymarketer/","https://legendarymarketer.com","215 associated members","Technology, Information and Internet","St Petersburg, Florida","2017","Not found","Location matched"
"Big Nerd Ranch","https://www.linkedin.com/company/big-nerd-ranch-the-frontier/","https://thefrontier.bignerdranch.com","51-200 employees","Technology, Information and Internet","Atlanta, Georgia","2018","software development, online learning, screencasts, mobile development, ios development, training, android development, web development, and design","Location matched"
"Acumen Learning","https://www.linkedin.com/company/acumen-learning-solutions-limited/","http://www.acumenlearning.com/","32 associated members","Professional Training and Coaching","Not found","Not found","Not found","Location matched"
"ENTRE Institute","https://www.linkedin.com/company/entre-institute/","https://designyourlife.com/masterclass/","69 associated members","E-Learning Providers","Las Vegas , Nevada","Not found","Entrepreneur Education, Online Business Coaching, -, Entrepreneurship, Professional Development, and Personal Development","Location matched"
"City Test Prep","https://www.linkedin.com/company/city-smarts/","http://citysmarts.net","25 associated members","Education","Brooklyn, New York","2007","Academic tutoring, Admissions Consulting, Test Preparation, Executive Functioning Coaching , Holisitic Tutoring, and Mock Exams","Location matched"
"Method Test Prep","","","","","","","","No results found"
"Achieve Test Prep","","","","","","","","Error: Message: stale element reference: stale element not found"
"EduGrowth Solutions","","","","","","","","No results found"
"Boom Learning","https://www.linkedin.com/company/boomentertainment/","https://www.booment.com","59 associated members","Not found","New York, New York","2015","gaming, sports gaming, and casino gaming","Location matched"
"Creative Coding 4 Kids","","","","","","","","No results found"
"Best In Class Education Center","https://www.linkedin.com/company/best-in-class-education/","http://bestinclasseducation.com/","172 associated members","Education Administration Programs","Seattle, WA","1995","Education, Tutoring, Math, English, Test Preparation, SAT/ACT Prep, and Enrichment Classes","Location matched"
"Cyber Now Labs","https://www.linkedin.com/company/pentesteracademy/","https://linktr.ee/pentesteracademy","85 associated members","E-Learning Providers","Cary, North Carolina","","Comprehensive Hands-On Courses, World Class Trainers, Certification Exams, Cyber Security Training, Penetration Testing, InfoSec Content, Red-Blue Team Training, Security Research, and Bootcamps","Location matched"
"AoPS","https://www.linkedin.com/company/aops-academy/","http://aopsacademy.org","Not found","Not found","San Diego, California","Not found","Not found","Location matched"
"Real Estate U","https://www.linkedin.com/company/realestateu%C2%AE/","https://www.realestateu.com/","17 associated members","E-Learning Providers","Miami, Florida","2013","Not found","Location matched"
"UnboundEd","","","","","","","","Error: Message: stale element reference: stale element not found"
"Kodeco","https://www.linkedin.com/company/kodecodev/","https://www.kodeco.com","156 associated members","E-Learning Providers","Alexandria, Virginia","2010","Mobile Development, iOS, Android, Unity, Mobile Apps, Apps, E-learning, Education, Online courses, Online education, Mobile development courses, Community, Programming tutorials, Learning to code, Game tech, coding bootcamps, corporate training, employee training, coding workshops, and coding community","Location matched"
"Certus","https://www.linkedin.com/company/certusinc/","https://www.certus.com","296 associated members","Website","Orlando, Florida","2003","Not found","Location matched"
"NURSING.com","https://www.linkedin.com/company/nursing-personnel-homecare/","http://www.nursingpersonnelhomecare.com","1,218 associated members","Hospitals and Health Care","Brooklyn, NY","1989","CDPAP, Nursing, HHA, Home Health Aides, Home Care, Health Care, Home Health Care, and Healthcare","Location matched"
"Third Wave","https://www.linkedin.com/company/thirdwaveautomation/","http://thirdwave.ai","48 associated members","Software Development","Union City, CA","2018","forklifts, machine learning, shared autonomy, supply chain, material handling, automation, robotics, warehousing, third party logistics, autonomous reach trucks, autonomous forklifts, continuous improvement, artificial intelligence, warehouse automation, industrial automation, fleet management, and reach trucks","Location matched"
"Learnit","https://www.linkedin.com/company/learnit-ca/","https://www.learn-it.ca","18 associated members","Not found","Toronto, Ontario","2022","education videos, free resources, video responses, and education workshops","Location matched"
"PRACTICE BC","","","","","","","","Error: Message: stale element reference: stale element not found"
"ibl.ai","https://www.linkedin.com/company/iblai/about","https://ibl.ai","470 associated members","Education","New York, New York","2004","Generative AI, Open edX, LLM, and EdTech","Location matched"
"LegalNurse.com","https://www.linkedin.com/company/legalnurse/","http://www.legalnurse.com","24 associated members","Higher Education","Houston, TX","1982","Not found","Location matched"
"Warrior Trading","https://www.linkedin.com/company/warriortradingden/","http://www.pinnacleingenuity.com","0-1 employees","Financial Services","Not found","Not found","Not found","Location matched"
"MindPlay","https://www.linkedin.com/company/mindplayeducation/","http://www.mindplay.com","74 associated members","E-Learning Providers","Tucson, Arizona","1981","reading instruction, reading assessment, reading software, fluency training, math software, math assessement, math instruction, science of reading, educational software, dyslexia, ESL, Education, e-learning, Literacy, Personalized learning, science of reading, orton-gillingham, and standards-aligned","Location matched"
"LightSpeed VT","https://www.linkedin.com/company/lightspeed-vt-course-creators/","https://www.closerschool.com/cs#a_aid=Savage2613&a_bid=69227d48","4 associated members","E-learning","Las Vegas, Nevada","1994","e learning, courses, marketing, info products, course creation, brad lea, LightSpeed VT, Increase Sales, Increase Productivity, digital marketing, Training, Sales Training, Influencer Course, Influencer Marketing, LSVT , Grant Cardone Sales, Daymond John Business, Ecommerce Courses, Sales Courses, Fitness Courses, Diet Course, Tony Robbins Course, Education Course, Marketing Courses, and Crypto Course","Location matched"
"Red Comet","https://www.linkedin.com/company/red-comet/","http://www.redcomet.org","25 associated members","Education Management","Prosser, WA","1999","Online high school courses, Credit Retrieval, Advanced Placement courses, Credit Enhancement, and High School","Location matched"
"BJJ Fanatics","","","","","","","","Error: Message: stale element reference: stale element not found"
"Allied Schools","https://www.linkedin.com/company/punjab-group-of-colleges-&-allied-schools/","http://www.pgc.edu.pk","1,310 associated members","Education Administration Programs","Not found","Not found","Not found","Location matched"
"ProTrainings","https://www.linkedin.com/company/protrainings-europe-limited/","https://static.licdn.com/aero-v1/sc/h/akt4ae504epesldzj74dzred8","Not found","Wellness and Fitness Services","Not found","Not found","Not found","Location matched"
"TOPYX","https://www.linkedin.com/company/topyx%C2%AE-learning-management-system/","https://static.licdn.com/aero-v1/sc/h/akt4ae504epesldzj74dzred8","11-50 employees","Software Development","Bonita Springs, Florida","1995","Not found","Location matched"
"Forio","https://www.linkedin.com/company/forio/","http://forio.com","21 associated members","Technology, Information and Internet","San Francisco, CA","2001","simulations, visualization, games, predictive analytics, and training simulations","Location matched"
"Center for Athletic Performance Enhancement","","","","","","","","Error: Message: stale element reference: stale element not found"
"The Violet Group","https://www.linkedin.com/company/violetgroup/","https://violet-group.com/","11-50 employees","Events Services","Bonn, North Rhine-Westphalia","2015","Not found","Location matched"
"TechChange","","","","","","","","Error: Message: stale element reference: stale element not found"
"AXIOM Learning Solutions","https://www.linkedin.com/company/axiom-learning-solutions-llc/","https://axiomlearningsolutions.com","26 associated members","Website","Westborough, Massachusetts","2002","Outsourced Learning Solutions, Training, Development, Design, CRM, Proprietary Systems, Train The Trainer, ERP, SAP, Salesforce.com, Instructional Design, Microsoft, Virtual Instructor Led Training, e-learning, Social Learning, Mobile Learning, LMS, and Contigent Workforce","Location matched"
"PM-Prolearn","https://www.linkedin.com/company/pmprolearn/about","https://www.pm-prolearn.com","25 associated members","Not found","Frederick, Maryland","","Agile, Project Management, Project Management Professional (PMP), Agile Certified Practitioner (PMI-ACP), Certified Associate in Project Management (CAPM), Lean Six Sigma Green Belt (LSSGB), Certified Change Management Professional (CCMP), Corporate Training, Professional Development, Employee Training, Upskilling, and Reskilling","Location matched"
"Unboxed Training & Technology","https://www.linkedin.com/company/unboxed-technology-llc/","https://unboxedtechnology.com","58 associated members","Website","Richmond, Virginia","2009","e-Learning, LMS, Sales training, Animation, Training design, mobile learning, Learning Management System, video production, Sales Enablement, guided selling, Custom Training, Employee Onboarding Training, SaaS, Custom Software, Employee Training, Coaching, sales readiness, leadership training, LXP, and Learning Experience","Location matched"
"Paralegal Boot Camp","https://www.linkedin.com/company/paralegal-bootcamp/","https://paralegal-bootcamp.com","3 associated members","Professional Training and Coaching","Melbourne, Florida","2010","coaching, training, e-learning, litigation, paralegal training, paralegal profitability, billable hours, eDiscovery, trial prep, and paralegals","Location matched"
"CATCH Global Foundation","","","","","","","","Error: Message: stale element reference: stale element not found"
"Feynman School","https://www.linkedin.com/company/feynman-school/","http://Feynmanschool.org","10 associated members","Primary and Secondary Education","Potomac, Maryland","2009","Not found","Location matched"
"Lake Forrest Preparatory School","https://www.linkedin.com/company/lake-forrest-preparatory-school-incorporated/","http://lakeforrestprep.com","8 associated members","Not found","MAITLAND, Florida","Not found","Not found","Location matched"
"Kids in the Game","https://www.linkedin.com/company/kingkids/","https://kidsinthegame.com/the-foundation/","4 associated members","Health, Wellness & Fitness","New York, New York","2017","Not found","Location matched"
"San Francisco Gymnastics","https://www.linkedin.com/company/san-francisco-gymnastics/","http://www.sanfranciscogymnastics.com","9 associated members","Accounting","San Francisco, California","Not found","Not found","Location matched"
"Fountain Valley Montessori","https://www.linkedin.com/company/american-montessori-society/","http://www.amshq.org","166 associated members","Education Administration Programs","Not found","1960","Education and Montessori Method","Location matched"
"Crouching Tigers","https://www.linkedin.com/company/crouching-tigers-international-inc/","https://static.licdn.com/aero-v1/sc/h/akt4ae504epesldzj74dzred8","Not found","Civic and Social Organizations","Fishers, Indiana","Not found","Not found","Location matched"
"Dignity of children","https://www.linkedin.com/company/dignityofchildreninc/","http://www.dignityofchildren.com","10 associated members","E-Learning Providers","New York, NY","2008","Professional Development for Direct service staff, Leadership & Management Training for After School Directors, Project based Learning Design, Family Matter NY: Empowering Families as One, Social/Emotional Learning, Stewards of Children, PBL, Project-Based Learning, online learning, 21st century skills, youth development, education, k12, emotional intelligence training, curriculum, social entrepreneurship, and Emotional Intelligence","Location matched"
"Excelldance","","","","","","","","No results found"
"Fairlawn Swim & Tennis Court","https://www.linkedin.com/company/fairlawn-swim-&-tennis-court/","https://static.licdn.com/aero-v1/sc/h/akt4ae504epesldzj74dzred8","2-10 employees","Not found","Akron, Ohio","Not found","Not found","Location matched"
"Hawk Meadow Montessori","https://www.linkedin.com/company/hawk-meadow-montessori-school-foundation-inc/","https://static.licdn.com/aero-v1/sc/h/akt4ae504epesldzj74dzred8","Not found","Non-profit Organizations","Lagrangeville, New York","Not found","Not found","Location matched"
"Stars Gymnastics Training Center","https://www.linkedin.com/company/stars-gymnastics-training-center-booster-club/","https://static.licdn.com/aero-v1/sc/h/akt4ae504epesldzj74dzred8","Not found","Spectator Sports","Houston, Texas","1997","Not found","Location matched"
"Quantum Academy","https://www.linkedin.com/company/quantum-physics-for-kids/","http://www.quantumphysicsforkids.com","6 associated members","Primary and Secondary Education","Berkeley, California","Not found","STEM education, physics education, science education, engineering education, invention education, K-12, and STEM learning","Location matched"
"Railyard Fitness","https://www.linkedin.com/company/nutrifitness-kids-&-teens/","http://nutritiesifitness.ro/","2-10 employees","Health, Wellness & Fitness","Constanta, Constanta","2016","Sport Copii, Consiliere Nutritionala, Cursuri Fitness, Diete Personalizate, Seminarii Nutritie, Petreceri Copii, and Scoala de Vara","Location matched"
"Seattle Learning Center","https://www.linkedin.com/company/seattle-elc/","https://www.seattle-elc.com/","11 associated members","Primary and Secondary Education","Seattle, Washington","2017","Preschool, Early Childhood Education/ECE, Licensed Preschool, Childcare, and Comprehensive Curriculum","Location matched"
"Stumpf's Gymnastics Center","","","","","","","","No results found"
"Maven Analytics","https://www.linkedin.com/company/maven-wave-partners/","http://www.mavenwave.com","370 associated members","IT Services and IT Consulting","Chicago, Illinois","Not found","Management Consulting, Cloud Solutions, Mobile & Apps, Data Analytics, User Experience, Design, and Agile Delivery","Location matched"
"Mike Holt Enterprises","https://www.linkedin.com/company/mike-holt-enterprises-inc/","https://linktr.ee/MikeHoltEnterprises","27 associated members","Not found","Not found","1975","Electrical Continuing Education, Electrical Apprenticeship Resources, Electrical Exam Preparation, and NEC Training","Location matched"
"Transformation Academy","https://www.linkedin.com/company/transformation-academy-nz/","https://www.transformationacademy.org.nz/","15 associated members","Education","Auckland, Northcote","Not found","Not found","Location matched"
"Dion Training","https://www.linkedin.com/company/diontraining/","https://www.diontraining.com","28 associated members","E-Learning Providers","Orlando, Florida","Not found","cybersecurity, project management, IT service management, cloud, cybersecurity training, discounted exam vouchers, CompTIA, and ITIL 4 Foundation","Location matched"
"Ninja Tropic E-learning","","","","","","","","Error: Message: stale element reference: stale element not found"
"ABA Technologies","https://www.linkedin.com/company/aba-technologies-inc./","http://abatechnologies.com/","95 associated members","E-Learning Providers","Melbourne, Florida","1997","Professional Development, Instructional Design, Continuing Education, Exam Prep, Graduate Training, BCaBA Certification Sequence, BCBA Certification Sequence, RBT Online Courses, CE Credits, OBM Certificate Program, OBM Masters Program, ABA Online Courses, Professional Training & Coaching, Applied Behavior Analysis, Organizational Behavior Management, Online Professional Education, Performance Improvement, OBM Applied, Curriculum Development, and Instruction Technology","Location matched"
"WIldsparq","https://www.linkedin.com/company/wildsparq/","https://www.wildsparq.com/","22 associated members","Professional Training and Coaching","Birmingham, Alabama","2016","Leadership Development, Employee Engagement, Succession Planning, and Teambuilding","Location matched"
"OnLine Training Institute","https://www.linkedin.com/company/shanaya-training-institute-pvt-ltd/","http://shanayatraining.com","6 associated members","Website","Chapra, Bihar","2021","Not found","Location matched"
"Gemba Academy","https://www.linkedin.com/company/gemba-academy-llc/","http://www.gembaacademy.com","31 associated members","E-Learning Providers","Keller, TX","2008","lean manufacturing, six sigma, lean enterprise, and training","Location matched"
"Re:Coded","https://www.linkedin.com/company/re-coded/","http://www.re-coded.com","38 associated members","Education","Not found","2017","technology, design, edtech, bootcamp, 21st century skills, coding, Learning how to code, AI, career development, digital skills, tech for good, social impact, future of work, skill building, tech inclusion, career tech, tech education, coding bootcamp, design bootcamp, and empower youth","Location matched"
"Investment Banking Institute","https://www.linkedin.com/company/investment-banking-institute/","http://www.ibanking.com","55 associated members","Professional Training and Coaching","Newtown, Pennsylvania","2003","Investment banking, corporate finance, private equity, education, training, Finance, financial education, financial training, and professional development","Location matched"
"Focus Personal Training Institute","https://www.linkedin.com/company/fpti/","https://www.fpti.edu","34 associated members","Not found","New York, NY","2010","Personal training certification, personal training school, Personal training education, Adult Education, Fitness, Higher Education, and Vocational Education","Location matched"
"Blue Ocean Brain","https://www.linkedin.com/company/blue-ocean-brain/","https://www.BlueOceanBrain.com","33 associated members","E-Learning Providers","Glen Allen, Virginia","2010","Brain Performance, Critical Thinking & Creativity, NeuroLeadership, Learning and Development, Organizational Development, People, Culture & Performance, Communications, Innovation, Micro-Learning, eLearning, Microlearning, Diversity & Inclusion, Leadership Development, Onboarding, Microlearning, and Gamification","Location matched"
"Content Enablers LLC","https://www.linkedin.com/company/contentenablers/","http://www.contentenablers.com","44 associated members","E-Learning Providers","Saratoga Springs, NY","2000","Import and Export Controls, Global Trade Compliance training for 23 countries, Sanctions and Embargoes, Anti-Corruption, Anti-Money Laundering, Anti-Boycott, elearning, Trade Compliance Training, Import Compliance Training, Export Compliance Training, EAR Training, and ITAR Training","Location matched"
"Computer Coach IT Training","https://www.linkedin.com/company/computercoach/","https://www.ComputerCoach.com","51 associated members","Not found","Tampa, FL","1992","Technical Training, Microsoft Training, Cisco Training, CompTIA Training, Front End Dev Training, Full Stack Dev Training, Cyber Security Training, Adobe Training, Microsoft Office Training, Project Management Training, EC Council Training, Data Analytics Training, and Digital Marketing Training","Location matched"
"Language Trainers","https://www.linkedin.com/company/language-trainers/","https://www.languagetrainers.com/","548 associated members","Education Management","New York, NY","2004","Language training for companies and individuals (in-company and at home), We find the tutors other companies cannot find, 100% flexibility for our clients, and All languages offered in any location","Location matched"
"HigherEdJobs","https://www.linkedin.com/company/796731/","http://www.higheredjobs.com","236 associated members","Higher Education","State College, PA","1996","higher education, recruitment, career advice, hiring resources, job search, faculty, administration, research, executive, colleges, and universities","Location matched"
"Animation Mentor","https://www.linkedin.com/company/animation-mentor/","https://bit.ly/3vu0PpU","296 associated members","E-Learning Providers","New York, NY","","Animation, Education, Online Education, Positive, Personal Transformation, Mentor Model, storyboarding, game animation, creature animation, autodesk maya, tutoring, and visual development","Location matched"
"Academic Impressions","https://www.linkedin.com/company/hireed-careers/","https://hireed.com/","11-50 employees","Higher Education","Greenwood Village, Colorado","2021","Diversity, Equity, Inclusion, employment, Higher ed, Coaching, Professional Development, and Leadership","Location matched"
"Knowledge Anywhere","https://www.linkedin.com/company/knowledge-anywhere/","http://www.knowledgeanywhere.com","61 associated members","E-Learning Providers","Seattle, Washington","","Corporate eLearning Solutions, Learning & Development, Online Training, Virtual Classrooms, Learning Management Systems, eLearning Consulting, Course Development, Talent Management, L&D, Virtual Reality, corporate elearning, corporate training, training, eLearning, LMS, training platform, training solutions, content specialist, course development, and SCORM","Location matched"
"Obsidian Learning","https://www.linkedin.com/company/obsidian-technical-communications/","https://www.obsidianlearning.com","9 associated members","E-Learning Providers","Houston, Texas","1998","learning design, blended learning, mobile apps, performance support, graphic design, web development, animation, communications, change management, consulting, motion graphics, onboarding, learning portals, authoring tools, instructor-led training, learning management systems, elearning, and sharepoint","Location matched"
"PrepScholar","https://www.linkedin.com/company/prepscholaracademy/","https://nas.io/prepscholar-academy/products","11-50 employees","Not found","Not found","2024","Product Management, Management Consulting, Software Development, Full Stack Development, and App Development","Location matched"
"Coggno","https://www.linkedin.com/company/coggnocreate/","https://coggno.com/","2-10 employees","E-Learning Providers","San Jose, California","Not found","Not found","Location matched"
"Magna Publications","https://www.linkedin.com/company/magna-publications/","https://www.magnapubs.com/","37 associated members","Higher Education","Madison, WI","1972","newsletters, national conferences, online seminars, online courses, and higher education","Location matched"
"Allen Interactions","https://www.linkedin.com/company/allen-interactions/","http://www.alleninteractions.com","53 associated members","E-Learning Providers","Mendota Heights, MN","1993","Custom e-Learning, Blended Learning, Tools & Models, Mobile Learning, ELearning Games, Simulations, Learning Strategy, Flash to HTML5 Conversion, and Microlearning","Location matched"
"Bigger Brains","https://www.linkedin.com/company/bigger-brains-for-msps/","https://www.biggermsp.com/","11-50 employees","IT Services and IT Consulting","Anderson, South Carolina","2012","eLearning","Location matched"
"Assessment Systems Corporation","https://www.linkedin.com/company/assessment-systems-corporation/","https://assess.com","47 associated members","Not found","Stillwater, Minnesota","1979","Psychometrics, online testing, computerized adaptive testing, certification and accreditation, item response theory, test development, and educational assessment","Location matched"
"Excel Test Prep","https://www.linkedin.com/company/i-excel-test-prep-and-tutoring/","https://iexceltest.com/","2-10 employees","Education","Lafayette, La","Not found","Not found","Location matched"
"NextThought","https://www.linkedin.com/company/next-thought-studios/","http://www.nextthoughtstudios.com","2 associated members","Media Production","Norman, Oklahoma","2011","Animation, 3D Motion Graphics, TV Commercials, Drone Photography & Videography, Documentaries, Educational Videos, Training Videos, Interactive Videos, Event Videography, White Label Video Production, Live Streaming Video, Marketing Videos, Corporate Communication Videos, Creative Development, and Video Marketing","Location matched"
"Apollidon Learning","https://www.linkedin.com/company/apollidon-learning/","https://apollidon.com/","36 associated members","Education Administration Programs","Oldsmar, FL","2008","Market Research, Content Marketing, Student Support Services, Data Analytics, Brand Marketing, Public Relations, Lead Management, Conference Event Planning & Management, SEO, SEM, SMO, Website Development & Management, Mobile Strategies, Online Program Development, education marketing, and curriculum management","Location matched"
"HRDQ","https://www.linkedin.com/company/hrdq/","http://www.hrdq.com","34 associated members","Professional Training and Coaching","West Chester, Pennsylvania","1977","Assessments, Experiential Games, Simulations, Reproducible Training, Online courses, Virtual learning, Workshops, Programs, Online assessments, Communication, Teambuilding, Leadership, TrainingandDevelopment, Training, and Learning","Location matched"
"AcceptU","https://www.linkedin.com/company/acceptu/","http://www.AcceptU.com","49 associated members","Higher Education","Newton, MA","2009","Admissions, Higher Education, Admissions Consulting, Standardized Test Prep, and Academic Tutoring","Location matched"
"Marks Education","https://www.linkedin.com/company/marks-counseling-associates/","http://markseducation.com","Not found","Education Administration Programs","Bethesda, Maryland","Not found","Test Preparation, College Counseling, Academic Tutoring, Graduate School Admissions, and Application Essays","Location matched"
"Top Score Writing","https://www.linkedin.com/company/top-score-writing/","http://www.TopScoreWriting.com","11 associated members","E-Learning Providers","Pembroke Pines, Florida","2015","writing","Location matched"
"Victory Step Education","https://www.linkedin.com/company/victory-step/","http://www.victorypreptutors.com","15 associated members","Education","Dallas, TX","2010","SAT Prep, ACT Prep, Classroom Programs, Private Tutoring, Test Prep , GMAT Prep, Tutoring, College Admissions Consulting, and GRE Prep","Location matched"
"Ascend Education","https://www.linkedin.com/company/ascendeducationbrasil/","https://www.ascendeducation.com/","11-50 employees","E-learning","Provo, Utah","Not found","Not found","Location matched"
"Firat Education","https://www.linkedin.com/company/firat-educational-solutions-llc/","http://firateducation.com","2-10 employees","Not found","HOUSTON, Texas","Not found","Not found","Location matched"
"EdgePoint Learning","https://www.linkedin.com/company/edgepoint-llc-dba-edgepoint-learning/","https://static.licdn.com/aero-v1/sc/h/akt4ae504epesldzj74dzred8","2-10 employees","E-Learning Providers","Scottsdale, Arizona","Not found","Not found","Location matched"
"Galin Education","https://www.linkedin.com/company/galin-education/","http://www.galined.com","65 associated members","Education Administration Programs","Madison, WI","2011","College Admissions Consulting, Standardized Test Preparation, Academic Assistance and Tutoring, Homework Help, Special Education Advocacy, School Choice Consulting, and Program Development","Location matched"
"Hyperskill","https://www.linkedin.com/company/hyperskill-academy/","https://hyperskillacademy.com/","11-50 employees","Education","Not found","Not found","Not found","Location matched"
"BirdBrain Technologies","https://www.linkedin.com/company/birdbrain-technologies-llc/","http://www.birdbraintechnologies.com","10 associated members","Computers and Electronics Manufacturing","Pittsburgh, PA","Website","educational technology, computer science education, and robotics","Location matched"
"Brainscape","https://www.linkedin.com/company/brainscapenv/","http://www.brainscape.eu","3 associated members","Environmental Services","Schoten, Flemish Region","1998","Not found","Location matched"
"CueThink","https://www.linkedin.com/company/cuethink/","http://www.cuethink.com","8 associated members","E-Learning Providers","Boston, MA","2013","21st Century Skills, STEM Learning, and Teacher Preparation","Location matched"
"Kodable Education","https://www.linkedin.com/company/kodable/","http://www.kodable.com","16 associated members","Education","San Diego, California","2013","Curriculum, Mobile games, E-learning, and Kids coding","Location matched"
"Bamboo Learning","https://www.linkedin.com/company/bamboolearning/","http://www.bamboolearning.com","5 associated members","Software Development","Seattle, WA","2018","Voice devices, EdTech, Voice applications, Education applications, Learning applications, VoiceFirst, iPad, iPhone, and iOS","Location matched"
"Frontend Masters","https://www.linkedin.com/company/frontend-masters/","https://frontendmasters.com/trial/?utm_source=linkedin&utm_medium=social_profile&utm_campaign=linkedin_profile","48 associated members","Technology, Information and Internet","Minneapolis, MN","2008","JavaScript, HTML5, Training, React, Web Development, Node.js, Vue, Front-End, Full Stack, Python, CSS, Go, Rust, TypeScript, and Next.js","Location matched"
"Marie Forleo International","https://www.linkedin.com/company/marie-forleo-international/","https://www.marieforleo.com","20 associated members","E-learning","Not found","","Not found","Location matched"
"Professional Development Institute-K-12 Teacher Online Training","https://www.linkedin.com/company/professional-development-institute-k12-teachers/","http://www.webteaching.com","20 associated members","E-learning","Irvine, CA","1998","professional development, online training, K-12 educator training, online graduate-level courses, and e-learning","Location matched"
"Mindset Digital","https://www.linkedin.com/company/mindset-digital-llc/","http://mindsetdigital.com","10 associated members","E-learning","Columbus, Ohio","2010","Online training in digital and social media, In-depth strategy and consulting, Keynote talks, Customized workshops and strategy sessions, Live social media camps, Performance measurement reports, Executive coaching, Competitive analysis, and Infographics","Location matched"
"KelbyOne","https://www.linkedin.com/company/kelbyone-events-l.l.c./","https://static.licdn.com/aero-v1/sc/h/akt4ae504epesldzj74dzred8","51-200 employees","Not found","Oldsmar, Florida","2013","Not found","Location matched"
"Total Training","https://www.linkedin.com/company/total-training-provision/","http://www.total-tp.com","79 associated members","Education Management","10 Churchfield Court, Churchfield, Barnsley , South Yorkshire","2013","Training, Health & Social Care, Administration, Sales, CPC, Warehousing & Distribution, Team Leading, Management, and Childcare (CYPW)","Location matched"
"VDCI","https://www.linkedin.com/company/vdci/","https://www.vdci.edu","21 associated members","Website","San Diego, CA","1997","Construction Managment Classes, AutoCAD, Adobe Software Programs, InDesign, BIM, Construction Management, Blueprint Reading, online learning, Revit Architecture, Revit MEP, SketchUp, Civil 3D AutoCAD, Photoshop, Illustrator, Construction Estimating, Career Education, online training, certificate programs, specializations, micro-credentials, Autodesk Certification Exam Prep, and in-demand job training","Location matched"
"Aurora Training Advantage","https://www.linkedin.com/company/aurora-training-advantage/","https://auroratrainingadvantage.com","9 associated members","E-learning","Sanford, Florida","2012","Human Resources, Accounting, and Operations","Location matched"
"Profit Soup","https://www.linkedin.com/company/profit-soup/","http://profitsoup.com/","7 associated members","E-Learning Providers","Federal Way, WA","1985","Franchise Support Services, Budgeting, Improving Financial Focus, Business Financial Planning, Business Improvement Initiatives, Business Finance Education and Workshops, Online Financial Training, Speakers, Keynotes, and Webinars","Location matched"
"Center for Leadership Development","https://www.linkedin.com/company/mbrcld/","http://www.mbrcld.ae","9 associated members","Professional Training and Coaching","Not found","2003","Leadership Development and Research","Location matched"
"EdTechTeacher","https://www.linkedin.com/company/edtechteacher/","http://edtechteacher.org","14 associated members","Not found","Boston, Massachusetts","2006","Professional Development, Education, Online Classes, Artificial Intelligence, EdTech, Educational Technology, EdTech Training , EdTech Professional Development, Professional Learning, Online Courses, Google for Education, Microsoft for Education, Adobe for Education, Instructional Coaching, Leadership Coaching, IT Services, and EdTech Audits","Location matched"
"Ducklings Early Learning Centers","https://www.linkedin.com/company/ducklings-early-learning-center/","http://ducklingselc.com","108 associated members","Education Administration Programs","Kennett Square, Pennsylvania","Not found","Not found","Location matched"
"Cedars Preschool","https://www.linkedin.com/company/cedars-preschool/","https://cedarspreschool.com/","87 associated members","Education Management","Locust Grove, Georgia","1998","Not found","Location matched"
"Brain Power","https://www.linkedin.com/company/brainpowermaster/","https://brainpower.com.mt/","28 associated members","Business Consulting and Services","Santo António, Lisbon","2016","Not found","Location matched"
"Peak Academic Coaching","https://www.linkedin.com/company/peak-academic-coaching/","http://peakacademiccoaching.com","31 associated members","Education Administration Programs","Buford, Georgia","2011","Not found","Location matched"
"Lift Enrichment","https://www.linkedin.com/company/lift-enrichment/","http://liftenrichment.com","59 associated members","Education","SCOTTSDALE, Arizona","2010","Not found","Location matched"
"Ambria College of Nursing","https://www.linkedin.com/company/americare-services-llc-dba-ambria-college-of-nursing/","https://static.licdn.com/aero-v1/sc/h/akt4ae504epesldzj74dzred8","11 associated members","E-Learning Providers","Hoffman Estates, Illinois","Not found","Not found","Location matched"
"FlashFilm Academy","https://www.linkedin.com/company/flashfilm-academy/","http://FlashFilmAcademy.com","51-200 employees","Media Production","Dallas, TX","2019","video and photography","Location matched"
"Eduocity","","","","","","","","No results found"
"Little Angels Childcare","","","","","","","","Error: Message: stale element reference: stale element not found"
"Hanmi Tae Kwon Do","https://www.linkedin.com/company/hanmi-tae-kwon-do-center/","http://hanmitaekwondo.com","3 associated members","Recreational Facilities","Worcester, Massachusetts","Not found","Not found","Location matched"
"Kinder Kastle","https://www.linkedin.com/company/kinder-kastle-childcare/","http://www.kinderkastle.com","29 associated members","Primary and Secondary Education","Metuchen, New Jersey","Not found","Not found","Location matched"
"Euro Institute of Skin Care","https://www.linkedin.com/company/euro-institute-of-skin-care/","http://www.euroinstitute.com","35 associated members","Education Administration Programs","Renton, Washington","Not found","Not found","Location matched"
"Velociteach","https://www.linkedin.com/company/velociteach-project-mgmnt-llc/","https://static.licdn.com/aero-v1/sc/h/akt4ae504epesldzj74dzred8","2-10 employees","Not found","Kennesaw, Georgia","2002","Not found","Location matched"
"Nursehub","https://www.linkedin.com/company/nursehub/","https://nursehub.com","23 associated members","E-Learning Providers","Boston, MA","2018","nursing, nursingschool, HESI, TEAS, kaplan, testprep, wonderlicSLE, wonderlicGAIN, NLNPAX, nursingschoolprep, nursing education, entranceexamprep, study tips, test taking strategies, simulated tests, studyplan, simulation prep, syllabi review, overcoming testing anxiety, and Healthcare","Location matched"
"Edlyft","https://www.linkedin.com/company/edlyft/","http://www.edlyft.com","14 associated members","E-Learning Providers","San Francisco, California","Not found","Not found","Location matched"
"Pathstream","https://www.linkedin.com/company/pathstream/","https://www.pathstream.com?utm_source=pathstream&utm_medium=linkedin_direct&utm_campaign=profile","117 associated members","Professional Training and Coaching","San Francisco, California","2018","Career Coaching, contact centers, customer care, call centers, banking, insurance, frontline teams, healthcare insurance, and workforce development","Location matched"
"InGenius Prep","https://www.linkedin.com/company/ingenius-prep/","http://www.ingeniusprep.com","323 associated members","Website","New Haven, CT","","Admissions, College Admissions, Law School Admissions, Business School Admissions, Medical School Admissions, and Education","Location matched"
"CXL","https://www.linkedin.com/company/cxldotcom/","https://cxl.com/","190 associated members","E-Learning Providers","Austin, Texas","2011","Conversion Rate Optimization, User Experience, Training Programs, Conversion Optimization, Business Growth, Online Courses, Digital Analytics, Digital Marketing, google analytics, Growth Marketing, eLearning, Data-driven Marketing, Online Training, UX, landing page optimization, product messaging, sales page copywriting, saas growth, and SEO","Location matched"
"Mathseeds","","","","","","","","Error: Message: stale element reference: stale element not found in the current frame"
"Medical Coding Academy","https://www.linkedin.com/company/medical-coding-academy/","https://www.medicalcodingacademy.org/","23 associated members","Hospitals and Health Care","Dallas, TX","2014","Medical Coding, 3 Day Certificate & Exam Prep Courses, Training, AAPC Education Provider, and AHIMA Education Provider","Location matched"
"Logic of English","https://www.linkedin.com/company/logic-of-english/","http://www.logicofenglish.com","19 associated members","Book and Periodical Publishing","Rochester, Minnesota","2010","reading, spelling, curriculum, education, language arts, teaching, and publishing","Location matched"
"Yabla","https://www.linkedin.com/company/yabla-inc./","https://www.yabla.com/","34 associated members","E-learning","New York, NY","2000","Videos with Multiple Subtitles, Pitch Corrected Slow Play, Instant Click Dictionaries, and 100% Native Speakers","Location matched"
"Red Apple Reading Inc.","","","","","","","","Error: Message: stale element reference: stale element not found"
"Funnix","https://www.linkedin.com/company/funnix-llc/","http://funnix.com","3 associated members","Not found","Eugene, Oregon","2004","Not found","Location matched"
"Math Help","https://www.linkedin.com/company/math-assignment-help/","https://mathassignmentexperts.com/","11-50 employees","Education Management","Houston, Texas","2012","Not found","Location matched"
"Mathchops","https://www.linkedin.com/company/mathchops/","https://mathchops.com","3 associated members","E-Learning Providers","Jersey City, NJ","2018","Not found","Location matched"
"Robot Academy","https://www.linkedin.com/company/robot-academy/","https://www.teachlegorobotics.com","13 associated members","E-Learning Providers","Columbus, OH","2006","E-Learning, STE(A)M Curricula, Project-Based Learning, and LEGO Robotics","Location matched"
"Mr D Math","https://www.linkedin.com/company/mr-d-math-llc/","http://mrdmath.com","11-50 employees","Not found","Sarasota, Florida","2008","Not found","Location matched"
"MobyMax","https://www.linkedin.com/company/mobymax/","http://www.MobyMax.com","79 associated members","• The CODiE award for Best Education Cloud Based Solution and Best Learning Capacity-Building Solution","Pittsburgh, PA","2011","Personalized Learning, Blended Learning, Classroom Management System, online curriculum, STEM, Common Core Standards, Curriculum Resources, CCSS Standards, NGSS Standards, differentiated learning, and remotelearning","Location matched"
"School of PE","https://www.linkedin.com/company/schoolofpe/","http://www.schoolofpe.com","47 associated members","Education","Dublin, Ohio","2004","FE Exam Review, PE Exam Review, NCEES Certification, Engineer Review, surveying, ARE, PMP, and PDH","Location matched"
"Cape School Inc","https://www.linkedin.com/company/graduate-school-of-business---university-of-cape-town/","http://www.gsb.uct.ac.za","307 associated members","Higher Education","Cape Town, Western Cape","1964","Business, Business Education, Post Graduate, Executive Education, Thought Leadership, Research, Case Writing, Academia, Customised Learning, Innovation, Entrepreneurship, Management, Leadership, and Impact","Location matched"
"Learn Excel Now","https://www.linkedin.com/company/learn-excel-now/","http://www.LearnExcelNow.com","4 associated members","E-Learning Providers","Malvern, PA","Not found","Microsoft Excel, Excel, Training In Excel, Excel Training Online, Free Excel Training, Excel Training Microsoft, Tips In Excel, Excel Tricks, Excel Tricks Tips, Tips For Excel, and Microsoft Excel Tips","Location matched"
"Simon Sinek's The Optimism Company","https://www.linkedin.com/company/simon-sinek/","https://simonsinek.com/","62 associated members","Professional Training and Coaching","New York, New York","2008","To inspire people to do the things that inspire them so that, together, we can change our world., Books, tools and content to inspire., and Speaking, facilitating, training, coaching, consulting, advising","Location matched"
"Advantagepress","","","","","","","","No results found"
"Peak Performance Sports Camps LLC","https://www.linkedin.com/company/peak-performance-sports-camps-llc/","http://www.peakperformancesports.net","5 associated members","Spectator Sports","Norwalk, CT","2009","After School Sports Programs for Grades K-5, School Vacation Camps for Grades PreK-5, and Summer Vacation Camps for Grades PreK - 5","Location matched"
"Student Success Agency","https://www.linkedin.com/company/student-success-agency/","http://studentsuccessagency.com","74 associated members","Education Administration Programs","Dallas, Texas","2012","E-Mentoring, Education, Student Engagement, Student Support Services, College Access, and Education Technology","Location matched"
"Creative World School","https://www.linkedin.com/company/creative-world-schools-franchising-company-inc./","http://www.creativeworldschoolfranchise.com","56 associated members","Education Administration Programs","Bonita Springs, FL","1970","Child Care, Preschool, Early Childhood Education, Summer Camp, education, Education management, and Franchise","Location matched"
"Academic Approach","https://www.linkedin.com/company/og-academic-math/","http://www.mathworkshops.com","11-50 employees","E-Learning Providers","Surrey, British Columbia","2008","Orton Gillingham, Special Education, Dyslexia, Mathematics Learning Disabilities, Teaching Mathematics, Early Learning, Dyscalculia, Differentiated Instruction, Elementary Education, Autism Spectrum, Early Education, and Professional Development","Location matched"
"TestMasters","https://www.linkedin.com/company/test-masters/","http://www.testmasters.com","19 associated members","Education Administration Programs","Houston, Texas","","SAT, PSAT, SAT Subject and ACT College Prep, EIT and PE Professional Engineering Exams, ISEE Private School Admissions, and GMAT, GRE, and LSAT Graduate Prep Programs","Location matched"
"The Pineapple School","https://www.linkedin.com/company/the-pineapple-school-at-stone-oak/","https://www.thepineappleschool.com","Not found","Not found","San Antonio, Texas","Not found","Not found","Location matched"
"Dental Assisting Career Centers","https://www.linkedin.com/company/dental-assisting-career-centers/","http://www.dacareercenters.com","17 associated members","Education Administration Programs","Not found","Not found","Not found","Location matched"
"PrepMatters","https://www.linkedin.com/company/prepmatters/","https://webinars.prepmatters.com/pmtvguide","27 associated members","Education Administration Programs","Bethesda, MD","1997","educational counseling, tutoring, test preparation, college admissions, college essays, high school entrance exams, SSAT, ACT, SAT, GRE, GMAT, LSAT, subject tests, subject tutoring, academic planning, chemistry, physics, mock interviews, PSAT, and SAT Subject Tests","Location matched"
"Teachable","https://www.linkedin.com/company/teachable/","https://teachable.com/","305 associated members","Software Development","New York, New York","2014","Online Education, Online Course Creation, eLearning, Coaching, Digital Product, Digital Products, Creator Economy, Online Courses, Paid Downloadables, Ebooks, Coaching Services, Memberships, and Community","Location matched"
"Bloom Institute of Technology","https://www.linkedin.com/company/bloom-institute-of-technology/","http://lambdaschool.com","Not found","Not found","San Francisco, California","Not found","Not found","Location matched"
